<?xml version="1.0" encoding="UTF-8"?>
<!DOCTYPE suite SYSTEM "https://testng.org/testng-1.0.dtd">
<suite name="Suite">
	<listeners>
		<listener class-name="Utilities.ExtentReport"></listener>
</listeners>
  <test thread-count="5" name="Test">
    <classes>
		<class name="TestNG_TestCases.baseTest"/>
    <class name="TestNG_TestCases.homepageTest"/>
      <class name="TestNG_TestCases.coursepageTest"/>
      <class name="TestNG_TestCases.languagelearningTest"/> 
      <class name="TestNG_TestCases.formTest"/>
    </classes>
  </test> <!-- Test -->
</suite> <!-- Suite -->
